{"mse": 4.082628398521857, "r2": 0.9889832909573145, "mape": 3.4999265825985075, "vif": "Stable"}