{"mse": 0.24413401389845854, "r2": 0.9970583145845293, "mape": 0.5316076344879472, "vif": "Unstable"}